-- MySQL dump 10.13  Distrib 8.4.6, for Win64 (x86_64)
--
-- Host: 127.0.0.1    Database: HY
-- ------------------------------------------------------
-- Server version	8.4.6

/*!40101 SET @OLD_CHARACTER_SET_CLIENT=@@CHARACTER_SET_CLIENT */;
/*!40101 SET @OLD_CHARACTER_SET_RESULTS=@@CHARACTER_SET_RESULTS */;
/*!40101 SET @OLD_COLLATION_CONNECTION=@@COLLATION_CONNECTION */;
/*!50503 SET NAMES utf8mb4 */;
/*!40103 SET @OLD_TIME_ZONE=@@TIME_ZONE */;
/*!40103 SET TIME_ZONE='+00:00' */;
/*!40014 SET @OLD_UNIQUE_CHECKS=@@UNIQUE_CHECKS, UNIQUE_CHECKS=0 */;
/*!40014 SET @OLD_FOREIGN_KEY_CHECKS=@@FOREIGN_KEY_CHECKS, FOREIGN_KEY_CHECKS=0 */;
/*!40101 SET @OLD_SQL_MODE=@@SQL_MODE, SQL_MODE='NO_AUTO_VALUE_ON_ZERO' */;
/*!40111 SET @OLD_SQL_NOTES=@@SQL_NOTES, SQL_NOTES=0 */;

--
-- Table structure for table `app_config`
--

DROP TABLE IF EXISTS `app_config`;
/*!40101 SET @saved_cs_client     = @@character_set_client */;
/*!50503 SET character_set_client = utf8mb4 */;
CREATE TABLE `app_config` (
  `key` varchar(255) NOT NULL,
  `value` longtext,
  PRIMARY KEY (`key`)
) ENGINE=InnoDB DEFAULT CHARSET=utf8mb4 COLLATE=utf8mb4_0900_ai_ci;
/*!40101 SET character_set_client = @saved_cs_client */;

--
-- Dumping data for table `app_config`
--

LOCK TABLES `app_config` WRITE;
/*!40000 ALTER TABLE `app_config` DISABLE KEYS */;
INSERT INTO `app_config` VALUES ('component_config','{\"Capacitor\": {\"fields\": {\"list10\": {\"visible\": false}, \"list5\": {\"label\": \"\\u0634\\u0631\\u06a9\\u062a \\u0633\\u0627\\u0632\\u0646\\u062f\\u0647\", \"required\": true, \"visible\": true}, \"list6\": {\"required\": false, \"visible\": false}, \"list7\": {\"visible\": false}, \"list8\": {\"visible\": false}, \"list9\": {\"visible\": false}, \"packages\": {\"label\": \"\\u067e\\u06a9\\u06cc\\u062c\\u200c\", \"required\": true, \"visible\": true}, \"paramOptions\": {\"label\": \"\\u0648\\u0644\\u062a\\u0627\\u0698\", \"required\": true, \"visible\": true}, \"tolerances\": {\"label\": \"\\u062a\\u0648\\u0644\\u0631\\u0627\\u0646\\u0633(%)\", \"required\": true, \"visible\": true}, \"units\": {\"required\": true, \"visible\": true}}, \"icon\": \"battery\", \"label\": \"\\u062e\\u0627\\u0632\\u0646 (Capacitor)\", \"list5\": [\"\\u0686\\u06cc\\u0646\", \"NXP\"], \"packages\": [\"SMD-0402\", \"SMD-0603\", \"SMD-0805\", \"SMD-1206\", \"SMD-1210\", \"Radial\"], \"paramLabel\": \"\\u0648\\u0644\\u062a\\u0627\\u0698 (Voltage)\", \"paramOptions\": [\"4V\", \"6.3V\", \"10V\", \"16V\", \"25V\", \"35V\", \"50V\", \"63V\", \"100V\", \"200V\", \"250V\", \"400V\", \"450V\", \"630V\", \"1kV\", \"2kV\"], \"prefix\": \"CAP\", \"priority\": 12, \"techs\": [\"Ceramic Disc\", \"Ceramic (MLCC) X7R\", \"Ceramic (MLCC) C0G/NP0\", \"Ceramic (MLCC) X5R\", \"Electrolytic\", \"Tantalum\", \"Polymer\", \"Film\"], \"tolerances\": [\"5\", \"10\", \"20\"], \"units\": [\"pF\", \"nF\", \"uF\", \"mF\", \"F\"]}, \"Connector\": {\"fields\": {\"list10\": {\"required\": false, \"visible\": false}, \"list5\": {\"label\": \"\\u062c\\u0631\\u06cc\\u0627\\u0646\", \"required\": true, \"visible\": true}, \"list6\": {\"label\": \"\\u0648\\u0644\\u062a\\u0627\\u0698\", \"required\": true, \"visible\": true}, \"list7\": {\"required\": false, \"visible\": false}, \"list8\": {\"required\": false, \"visible\": false}, \"list9\": {\"required\": false, \"visible\": false}, \"packages\": {\"label\": \"\\u062c\\u0647\\u062a\", \"required\": true, \"visible\": true}, \"paramOptions\": {\"label\": \"\\u0641\\u0627\\u0635\\u0644\\u0647 \\u0628\\u06cc\\u0646 \\u067e\\u0627\\u06cc\\u0647\", \"required\": true, \"visible\": true}, \"techs\": {\"label\": \"\\u0645\\u0648\\u0631\\u062f \\u0645\\u0635\\u0631\\u0641\"}, \"tolerances\": {\"label\": \"\\u067e\\u06a9\\u06cc\\u062c\\u200c\\u0647\\u0627\", \"required\": true, \"visible\": true}, \"units\": {\"label\": \"\\u062a\\u0639\\u062f\\u0627\\u062f \\u067e\\u06cc\\u0646\", \"required\": true, \"visible\": true}}, \"icon\": \"plug\", \"label\": \"\\u06a9\\u0627\\u0646\\u06a9\\u062a\\u0648\\u0631 (Connector)\", \"list5\": [\"10A\", \"25A\"], \"list6\": [\"300V\"], \"packages\": [\"Straight\", \"Right Angle\"], \"paramLabel\": \"Pitch\", \"paramOptions\": [\"1.27mm\", \"2.0mm\", \"2.54mm\", \"3.81mm\", \"5.0mm\", \"5.08mm\", \"11mm\"], \"prefix\": \"CON\", \"priority\": 5, \"techs\": [\"Header\", \"Terminal Block\", \"USB\", \"Jack\", \"Socket\", \"LAN\"], \"tolerances\": [\"THD\", \"SMD\"], \"units\": [\"-2Pin\", \"-3Pin\", \"-4Pin\"]}, \"Diode\": {\"fields\": {\"list10\": {\"required\": false, \"visible\": false}, \"list5\": {\"required\": false, \"visible\": false}, \"list6\": {\"required\": false, \"visible\": false}, \"list7\": {\"required\": false, \"visible\": false}, \"list8\": {\"required\": false, \"visible\": false}, \"list9\": {\"required\": false, \"visible\": false}, \"units\": {\"required\": true, \"visible\": true}}, \"icon\": \"arrow-right-circle\", \"label\": \"\\u062f\\u06cc\\u0648\\u062f (Diode)\", \"packages\": [\"SOD-123\", \"SOD-323\", \"SMA\", \"SMB\", \"SMC\", \"DO-35\", \"DO-41\", \"TO-220\"], \"paramLabel\": \"\\u0648\\u0644\\u062a\\u0627\\u0698/\\u062c\\u0631\\u06cc\\u0627\\u0646\", \"paramOptions\": [\"Low Power\", \"High Speed\", \"Schottky\", \"Zener\"], \"prefix\": \"__D\", \"priority\": 10, \"techs\": [\"Rectifier\", \"Zener\", \"Schottky\", \"Switching\", \"TVS\", \"Bridge\", \"LED\"], \"units\": [\"-\"]}, \"General\": {\"fields\": {\"locations\": {\"required\": true, \"visible\": true}}, \"icon\": \"settings\", \"label\": \"\\u062a\\u0646\\u0638\\u06cc\\u0645\\u0627\\u062a \\u0639\\u0645\\u0648\\u0645\\u06cc (General)\", \"locations\": [\"A1\", \"A2\", \"B1\", \"A3\", \"1L\", \"2L\", \"1J\", \"2J\"], \"manual_usd_date\": \"1404/10/27\", \"manual_usd_price\": 150000, \"packages\": [], \"paramOptions\": [], \"priority\": 1, \"techs\": [], \"units\": []}, \"IC\": {\"fields\": {\"list10\": {\"required\": false, \"visible\": false}, \"list5\": {\"required\": false, \"visible\": false}, \"list6\": {\"required\": false, \"visible\": false}, \"list7\": {\"required\": false, \"visible\": false}, \"list8\": {\"required\": false, \"visible\": false}, \"list9\": {\"required\": false, \"visible\": false}, \"packages\": {\"required\": true, \"visible\": true}, \"paramOptions\": {\"required\": true, \"visible\": true}, \"techs\": {\"required\": true, \"visible\": true}, \"tolerances\": {\"required\": false, \"visible\": false}, \"units\": {\"required\": false, \"visible\": false}}, \"icon\": \"box-select\", \"label\": \"\\u0622\\u06cc\\u200c\\u0633\\u06cc (IC)\", \"packages\": [\"DIP-6\", \"DIP-8\", \"DIP-16\", \"TO-92\", \"SOIC-8\", \"SOIC-16\", \"TQFP-44\", \"TSSOP\", \"QFP\", \"QFN\", \"BGA\"], \"paramLabel\": \"\\u0646\\u0648\\u0639 \\u067e\\u06a9\\u06cc\\u062c\", \"paramOptions\": [\"DIP\", \"SMD\"], \"prefix\": \"_IC\", \"priority\": 8, \"techs\": [\"Microcontroller\", \"Op-Amp\", \"Regulator\", \"Memory\", \"Logic\", \"Driver\", \"Sensor\", \"Triac Driver\"], \"units\": []}, \"Inductor\": {\"fields\": {\"list10\": {\"required\": false, \"visible\": false}, \"list5\": {\"required\": false, \"visible\": false}, \"list6\": {\"required\": false, \"visible\": false}, \"list7\": {\"required\": false, \"visible\": false}, \"list8\": {\"required\": false, \"visible\": false}, \"list9\": {\"required\": false, \"visible\": false}, \"packages\": {\"label\": \"\\u067e\\u06a9\\u06cc\\u062c\", \"required\": true, \"visible\": true}, \"paramOptions\": {\"label\": \"\\u062c\\u0631\\u06cc\\u0627\\u0646\", \"required\": true, \"visible\": true}, \"units\": {\"required\": true, \"visible\": true}}, \"icon\": \"waves\", \"label\": \"\\u0633\\u0644\\u0641 (Inductor)\", \"packages\": [\"0402\", \"0603\", \"0805\", \"1206\", \"CDRH\", \"Power SMD\", \"Toroidal\", \"Axial\"], \"paramLabel\": \"\\u062c\\u0631\\u06cc\\u0627\\u0646 (Current)\", \"paramOptions\": [\"100mA\", \"250mA\", \"500mA\", \"1A\", \"2A\", \"3A\", \"5A\", \"10A\"], \"prefix\": \"__L\", \"priority\": 11, \"techs\": [\"Ferrite Bead\", \"Multilayer\", \"Wirewound\", \"Power Inductor\", \"Air Core\", \"Shielded\"], \"units\": [\"nH\", \"uH\", \"mH\", \"H\"]}, \"Resistor\": {\"fields\": {\"list10\": {\"visible\": false}, \"list5\": {\"label\": \"\", \"required\": false, \"visible\": false}, \"list6\": {\"visible\": false}, \"list7\": {\"label\": \"\\u0641\\u06cc\\u0644\\u062f  12\", \"visible\": false}, \"list8\": {\"visible\": false}, \"list9\": {\"visible\": false}, \"packages\": {\"label\": \"\\u067e\\u06a9\\u06cc\\u062c\\u200c\", \"required\": true, \"visible\": true}, \"paramOptions\": {\"label\": \"\\u062a\\u0648\\u0627\\u0646\", \"required\": true, \"visible\": true}, \"techs\": {\"required\": false, \"visible\": true}, \"tolerances\": {\"label\": \"\\u062a\\u0648\\u0644\\u0631\\u0627\\u0646\\u0633(%)\", \"required\": true, \"visible\": true}, \"units\": {\"required\": true, \"visible\": true}}, \"icon\": \"zap\", \"label\": \"\\u0645\\u0642\\u0627\\u0648\\u0645\\u062a (Resistor)\", \"list5\": [], \"packages\": [\"SMD-0201\", \"SMD-0402\", \"SMD-0603\", \"SMD-0805\", \"SMD-1206\", \"SMD-1210\", \"SMD-2010\", \"SMD-2512\", \"DIP\"], \"paramLabel\": \"\\u062a\\u0648\\u0627\\u0646 (Watt)\", \"paramOptions\": [\"1/10W\", \"1/8W\", \"1/4W\", \"1/2W\", \"1W\", \"2W\", \"3W\", \"5W\", \"10W\", \"20W\"], \"prefix\": \"RES\", \"priority\": 13, \"techs\": [\"General Purpose\", \"Precision\", \"Thin Film\", \"Thick Film\", \"Wirewound\", \"Metal Oxide\", \"Carbon Film\"], \"tolerances\": [\"1%\", \"2%\", \"5%\", \"10%\"], \"units\": [\"R\", \"k\", \"M\"]}, \"Transistor\": {\"fields\": {\"list10\": {\"required\": false, \"visible\": false}, \"list5\": {\"required\": false, \"visible\": false}, \"list6\": {\"required\": false, \"visible\": false}, \"list7\": {\"required\": false, \"visible\": false}, \"list8\": {\"required\": false, \"visible\": false}, \"list9\": {\"required\": false, \"visible\": false}, \"units\": {\"visible\": false, \"required\": false}, \"paramOptions\": {\"required\": true, \"visible\": true}, \"tolerances\": {\"visible\": false, \"required\": false}, \"packages\": {\"required\": true, \"visible\": true}, \"techs\": {\"required\": true, \"visible\": true}}, \"icon\": \"cpu\", \"label\": \"\\u062a\\u0631\\u0627\\u0646\\u0632\\u06cc\\u0633\\u062a\\u0648\\u0631 (Transistor)\", \"packages\": [\"SOT-23\", \"SOT-223\", \"TO-92\", \"TO-220AB\", \"DPAK\", \"D2PAK\"], \"paramLabel\": \"Rating\", \"paramOptions\": [\"Small Signal\", \"Power\"], \"prefix\": \"__T\", \"priority\": 7, \"techs\": [\"BJT (NPN)\", \"BJT (PNP)\", \"N-MOSFET \", \"P-MOSFET\", \"IGBT\", \"JFET\"], \"units\": [\"-\"]}, \"\\u0627\\u0633\\u067e\\u06cc\\u0633\\u0631 (Spacer)\": {\"fields\": {\"list10\": {\"required\": false, \"visible\": false}, \"list5\": {\"required\": false, \"visible\": false}, \"list6\": {\"required\": false, \"visible\": false}, \"list7\": {\"required\": false, \"visible\": false}, \"list8\": {\"required\": false, \"visible\": false}, \"list9\": {\"required\": false, \"visible\": false}, \"packages\": {\"label\": \"\", \"required\": true, \"visible\": true}, \"paramOptions\": {\"required\": false, \"visible\": false}, \"techs\": {\"required\": false, \"visible\": false}, \"tolerances\": {\"label\": \"\\u0631\\u0632\\u0648\\u0647\", \"required\": true, \"visible\": true}, \"units\": {\"required\": true, \"visible\": true}}, \"icon\": \"box\", \"label\": \"\\u0627\\u0633\\u067e\\u06cc\\u0633\\u0631 (Spacer)\", \"list10\": [], \"list5\": [], \"list6\": [], \"list7\": [], \"list8\": [], \"list9\": [], \"packages\": [\"F-F\", \"F-M\"], \"paramLabel\": \"Parameter\", \"paramOptions\": [], \"prefix\": \"SPA\", \"priority\": 4, \"techs\": [], \"tolerances\": [\"mm\", \"inch\"], \"units\": [\"mm\"]}, \"\\u0627\\u0644 \\u0627\\u06cc \\u062f\\u06cc (LED)\": {\"fields\": {\"list10\": {\"required\": false, \"visible\": false}, \"list5\": {\"required\": false, \"visible\": false}, \"list6\": {\"required\": false, \"visible\": false}, \"list7\": {\"required\": false, \"visible\": false}, \"list8\": {\"required\": false, \"visible\": false}, \"list9\": {\"required\": false, \"visible\": false}, \"packages\": {\"required\": true, \"visible\": true}, \"paramOptions\": {\"label\": \"\\u0631\\u0646\\u06af\", \"required\": true, \"visible\": true}, \"techs\": {\"required\": false, \"visible\": false}, \"tolerances\": {\"required\": false, \"visible\": false}, \"units\": {\"required\": false, \"visible\": false}}, \"icon\": \"box\", \"label\": \"\\u0627\\u0644 \\u0627\\u06cc \\u062f\\u06cc (LED)\", \"list10\": [], \"list5\": [], \"list6\": [], \"list7\": [], \"list8\": [], \"list9\": [], \"packages\": [\"DIP-3mm\", \"DIP-5mm\", \"SMD-0402\", \"SMD-0603\", \"SMD-0805\", \"SMD-1206\"], \"paramLabel\": \"Parameter\", \"paramOptions\": [\"\\u0642\\u0631\\u0645\\u0632\", \"\\u0633\\u0628\\u0632\", \"\\u0622\\u0628\\u06cc\", \"\\u0632\\u0631\\u062f\"], \"prefix\": \"LED\", \"priority\": 9, \"techs\": [], \"tolerances\": [\"1\"], \"units\": []}, \"\\u0628\\u0631\\u062f (PCB)\": {\"fields\": {\"list10\": {\"required\": false, \"visible\": false}, \"list5\": {\"label\": \"\\u062a\\u0633\\u062a \\u0627\\u0644\\u06a9\\u062a\\u0631\\u06cc\\u06a9\\u0627\\u0644\", \"required\": true, \"visible\": true}, \"list6\": {\"label\": \"\\u0628\\u0633\\u062a\\u0647 \\u0628\\u0646\\u062f\\u06cc\", \"required\": false, \"visible\": false}, \"list7\": {\"required\": false, \"visible\": false}, \"list8\": {\"required\": false, \"visible\": false}, \"list9\": {\"required\": false, \"visible\": false}, \"packages\": {\"label\": \"\\u0631\\u0646\\u06af \\u0686\\u0627\\u067e \\u0645\\u062d\\u0627\\u0641\\u0638(\\u0633\\u0648\\u0644\\u062f\\u0631)\", \"required\": true, \"visible\": true}, \"paramOptions\": {\"label\": \"\\u0648\\u0631\\u0698\\u0646\", \"required\": false, \"visible\": false}, \"techs\": {\"label\": \"\\u0631\\u0646\\u06af \\u0686\\u0627\\u067e \\u0642\\u0637\\u0639\\u0627\\u062a(\\u0645\\u0627\\u0631\\u06a9\\u0627\\u0698)\", \"required\": true, \"visible\": true}, \"tolerances\": {\"label\": \"\\u062a\\u0639\\u062f\\u0627\\u062f \\u0644\\u0627\\u06cc\\u0647\", \"required\": true, \"visible\": true}, \"units\": {\"label\": \"\\u0645\\u0642\\u062f\\u0627\\u0631 \\u062b\\u0627\\u0628\\u062a \\u0646\\u0627\\u0645\", \"required\": true, \"visible\": true}}, \"icon\": \"box\", \"label\": \"\\u0628\\u0631\\u062f (PCB)\", \"list10\": [], \"list5\": [\"\\u0627\\u0646\\u062c\\u0627\\u0645 \\u0634\\u062f\\u0647\", \"\\u0627\\u0646\\u062c\\u0627\\u0645 \\u0646\\u0634\\u062f\\u0647\"], \"list6\": [\"Single\"], \"list7\": [], \"list8\": [], \"list9\": [], \"packages\": [\"\\u0646\\u062f\\u0627\\u0631\\u062f\", \"\\u0633\\u0628\\u0632\", \"\\u0642\\u0631\\u0645\\u0632\", \"\\u0622\\u0628\\u06cc\"], \"paramLabel\": \"Parameter\", \"paramOptions\": [], \"prefix\": \"PCB\", \"priority\": 3, \"techs\": [\"\\u0646\\u062f\\u0627\\u0631\\u062f\", \"\\u0633\\u0641\\u06cc\\u062f\", \"\\u0645\\u0634\\u06a9\\u06cc\"], \"tolerances\": [\"1Layer\", \"2Layer\", \"4Layer\"], \"units\": [\"-PCB\"]}, \"\\u062a\\u0631\\u0627\\u06cc\\u0627\\u06a9 \\u0648 \\u062a\\u0631\\u06cc\\u0633\\u062a\\u0648\\u0631\": {\"fields\": {\"list10\": {\"required\": false, \"visible\": false}, \"list5\": {\"required\": false, \"visible\": false}, \"list6\": {\"required\": false, \"visible\": false}, \"list7\": {\"required\": false, \"visible\": false}, \"list8\": {\"required\": false, \"visible\": false}, \"list9\": {\"required\": false, \"visible\": false}, \"packages\": {\"required\": true, \"visible\": true}, \"paramOptions\": {\"label\": \"\\u0648\\u0644\\u062a\\u0627\\u0698\", \"required\": true, \"visible\": true}, \"techs\": {\"label\": \"\\u0627\\u0635\\u0644\\u06cc/\\u0647\\u0627\\u06cc \\u06a9\\u067e\\u06cc/\\u0641\\u06cc\\u06a9\", \"required\": true, \"visible\": true}, \"tolerances\": {\"label\": \"\\u0646\\u0648\\u0639\", \"required\": true, \"visible\": true}, \"units\": {\"label\": \"\\u0648\\u0644\\u062a\\u0627\\u0698\", \"required\": false, \"visible\": false}}, \"icon\": \"box\", \"label\": \"\\u062a\\u0631\\u0627\\u06cc\\u0627\\u06a9 \\u0648 \\u062a\\u0631\\u06cc\\u0633\\u062a\\u0648\\u0631\", \"list10\": [], \"list5\": [], \"list6\": [], \"list7\": [], \"list8\": [], \"list9\": [], \"packages\": [\"TO-220AB\", \"TO-247AD (TO-3P)\"], \"paramLabel\": \"Parameter\", \"paramOptions\": [\"600V\", \"700V\", \"800V\"], \"prefix\": \"SCR\", \"priority\": 6, \"techs\": [\"HIGH COPY\", \"ORGINAL\", \"Fake\"], \"tolerances\": [\"TRIAC\", \"SCR\"], \"units\": []}, \"\\u0642\\u0644\\u0639 (Solder)\": {\"fields\": {\"list10\": {\"required\": false, \"visible\": false}, \"list5\": {\"required\": false, \"visible\": false}, \"list6\": {\"required\": false, \"visible\": false}, \"list7\": {\"required\": false, \"visible\": false}, \"list8\": {\"required\": false, \"visible\": false}, \"list9\": {\"required\": false, \"visible\": false}, \"packages\": {\"label\": \"\\u0648\\u0632\\u0646\", \"required\": true, \"visible\": true}, \"paramOptions\": {\"label\": \"\\u0636\\u062e\\u0627\\u0645\\u062a \\u0633\\u06cc\\u0645 \\u0642\\u0644\\u0639\", \"required\": true, \"visible\": true}, \"techs\": {\"required\": true, \"visible\": true}, \"tolerances\": {\"label\": \"\\u0634\\u0631\\u06a9\\u062a \\u0633\\u0627\\u0632\\u0646\\u062f\\u0647\", \"required\": true, \"visible\": true}, \"units\": {\"label\": \"\\u0648\\u0627\\u062d\\u062f\\u0647\", \"required\": false, \"visible\": false}}, \"icon\": \"box\", \"label\": \"\\u0642\\u0644\\u0639 (Solder)\", \"list10\": [], \"list5\": [], \"list6\": [], \"list7\": [], \"list8\": [], \"list9\": [], \"packages\": [\"100g\", \"250g\"], \"paramLabel\": \"Parameter\", \"paramOptions\": [\"0.4mm\", \"0.8mm\", \"1mm\"], \"prefix\": \"SOL\", \"priority\": 2, \"techs\": [\"SN63PB37\"], \"tolerances\": [\"Asahi-Copy\", \"\\u0686\\u06cc\\u0646\"], \"units\": []}}'),('last_usd_info','{\"price\": 143760.0, \"date_str\": \"2026-01-05\", \"status\": \"online\"}'),('usd_info','{\"price\": 135565, \"date_str\": \"2025-12-31\", \"status\": \"online\"}');
/*!40000 ALTER TABLE `app_config` ENABLE KEYS */;
UNLOCK TABLES;

--
-- Table structure for table `contacts`
--

DROP TABLE IF EXISTS `contacts`;
/*!40101 SET @saved_cs_client     = @@character_set_client */;
/*!50503 SET character_set_client = utf8mb4 */;
CREATE TABLE `contacts` (
  `id` int NOT NULL AUTO_INCREMENT,
  `name` longtext NOT NULL,
  `phone` longtext,
  `email` longtext,
  `notes` longtext,
  `mobile` longtext,
  `fax` longtext,
  `website` longtext,
  `address` longtext,
  PRIMARY KEY (`id`)
) ENGINE=InnoDB AUTO_INCREMENT=7 DEFAULT CHARSET=utf8mb4 COLLATE=utf8mb4_0900_ai_ci;
/*!40101 SET character_set_client = @saved_cs_client */;

--
-- Dumping data for table `contacts`
--

LOCK TABLES `contacts` WRITE;
/*!40000 ALTER TABLE `contacts` DISABLE KEYS */;
INSERT INTO `contacts` VALUES (1,'جوان الکترونیک','02166757976','info@javanelec.com','','0912000000','02166728027','https://www.javanelec.com','تهران - خیابان جمهوری - بعد از پل حافظ - پاساژ عباسیان - طبقه همکف - پلاک 17'),(2,'ECA','04151388888','eshop.eca@gmail.com','** کلیه امور مربوط به پیگیری سفارش‌های اینترنتی، استعلام قیمت کالاها و خدمات پشتیبانی فروشگاه آنلاین از طریق دفتر مرکزی تبریز انجام می‌پذیرد.\nتهران، خیابان جمهوری، نرسیده به پل حافظ،\nپاساژ توکل، طبقه زیرهمکف، واحد B6 (تاپ ترونیک)','','','https://eshop.eca.ir','تبریز، چهارراه شریعتی، مجتمع تجاری گلستان، واحد ۷'),(3,'چهره الکترونیک','02166708069','','کد پستی:1135715687\nساعت کار: شنبه تا چهار شنبه ساعت 10:30 صبح الی 18:30 بعد از ظهر\nپنج شنبه تعطیل میباشد','09121763996','02166706592','https://chehrehelec.com/','تهران -خیابان جمهوری- بین پل حافظ و سی تیر- پاساژ عباسیان- همکف -پلاک 18'),(4,'وحدت کالا','02166734046','','نمایندگی قلع ASAHI\nاخلاق نداشت\nشماره تلفن دومشم: 66723046','09121194773','02166722853','','تهران،خیابان جمهوری،نرسیده به پل حافظ،پاساژ توکل،طبقه همکف،پلاک20'),(5,'پایا الکترونیک','02166738472','info@PayaElectronic.ir','شماره های تماس:\n021-66739771\n021-66739006\n021-66739141\n021-66738292','','021-66741710','https://payaelectronic.ir/index.php','تهران , خیابان جمهوری , چهار راه سی تیر , خیابان میرزا کوچک خان , جنب گل فروشی , پلاک 3'),(6,'آلفا مدار صنعت','02167194000','info@alfamadarsanat.com','روز های 5 شنبه و جمعه تعطیل است.\nشرکت تولید PCB','','','https://www.alfamadarsanat.com','تهران – خیابان جمهوری –تقاطع خیابان سی تیر- مجتمع تجاری فرقانی-طبقه اول - واحد 5');
/*!40000 ALTER TABLE `contacts` ENABLE KEYS */;
UNLOCK TABLES;

--
-- Table structure for table `migrations`
--

DROP TABLE IF EXISTS `migrations`;
/*!40101 SET @saved_cs_client     = @@character_set_client */;
/*!50503 SET character_set_client = utf8mb4 */;
CREATE TABLE `migrations` (
  `id` int NOT NULL AUTO_INCREMENT,
  `version` longtext,
  `applied_at` longtext,
  PRIMARY KEY (`id`)
) ENGINE=InnoDB DEFAULT CHARSET=utf8mb4 COLLATE=utf8mb4_0900_ai_ci;
/*!40101 SET character_set_client = @saved_cs_client */;

--
-- Dumping data for table `migrations`
--

LOCK TABLES `migrations` WRITE;
/*!40000 ALTER TABLE `migrations` DISABLE KEYS */;
/*!40000 ALTER TABLE `migrations` ENABLE KEYS */;
UNLOCK TABLES;

--
-- Table structure for table `parts`
--

DROP TABLE IF EXISTS `parts`;
/*!40101 SET @saved_cs_client     = @@character_set_client */;
/*!50503 SET character_set_client = utf8mb4 */;
CREATE TABLE `parts` (
  `id` int NOT NULL AUTO_INCREMENT,
  `val` longtext NOT NULL,
  `watt` longtext,
  `tolerance` longtext,
  `package` longtext,
  `type` longtext,
  `buy_date` longtext,
  `quantity` int DEFAULT NULL,
  `dollar_price` longtext,
  `reason` longtext,
  `image_path` longtext,
  `min_quantity` int DEFAULT NULL,
  `usd_rate` double DEFAULT NULL,
  `vendor_name` longtext,
  `toman_price` double DEFAULT NULL,
  `last_modified_by` longtext,
  `storage_location` longtext,
  `tech` longtext,
  `purchase_links` longtext,
  `invoice_number` longtext,
  `entry_date` longtext,
  `part_code` longtext,
  `list5` longtext,
  `list6` longtext,
  `list7` longtext,
  `list8` longtext,
  `list9` longtext,
  `list10` longtext,
  PRIMARY KEY (`id`)
) ENGINE=InnoDB AUTO_INCREMENT=63 DEFAULT CHARSET=utf8mb4 COLLATE=utf8mb4_0900_ai_ci;
/*!40101 SET character_set_client = @saved_cs_client */;

--
-- Dumping data for table `parts`
--

LOCK TABLES `parts` WRITE;
/*!40000 ALTER TABLE `parts` DISABLE KEYS */;
INSERT INTO `parts` VALUES (30,'BTA41-700B','700V','TRIAC','TO-247AD (TO-3P)','ترایاک و تریستور','۱۴۰۴/۱۰/۱۳',0,NULL,'انبار گردانی',NULL,10,135000,'جوان الکترونیک',86200,'admin','2L','HIGH COPY','[\"https://www.javanelec.com/shop?searchfilter=bta41#dtl/20097\", \"https://eshop.eca.ir/%D8%AA%D8%B1%D8%A7%DB%8C%D8%A7%DA%A9-%D9%88-%D8%AA%D8%B1%DB%8C%D8%B3%D8%AA%D9%88%D8%B1/13722-%D8%AA%D8%B1%D8%A7%DB%8C%D8%A7%DA%A9-bta41-600b-%D9%BE%DA%A9%DB%8C%D8%AC-top-3.html\"]','','2026-01-03 14:33:19','SCR000000001','','','','','',''),(31,'LED-R','قرمز','','DIP-3mm','ال ای دی (LED)','۱۴۰۴/۱۰/۱۳',1096,NULL,'خرید جهت تولید اس اس آر های 40 آمپری',NULL,100,140000,'جوان الکترونیک',509,'admin','2J','','[\"https://www.javanelec.com/shop?searchfilter=led%203m#dtl/3918\"]','67041','2026-01-17 15:23:21','LED000000001','','','','','',''),(32,'BTA16-600B','600V','TRIAC','TO-220AB','ترایاک و تریستور','1404/10/21',500,NULL,'تولید اس اس آر 16 آمپری',NULL,100,140000,'جوان الکترونیک',17800,'admin','2L','HIGH COPY','[\"https://www.javanelec.com/shop/product/6439/stmicroelectronics/bta16-600b\"]','67045','2026-01-17 15:49:34','SCR000000002','','','','','',''),(33,'BTA16-600BRG','600V','TRIAC','TO-220AB','ترایاک و تریستور','۱۴۰۴/۱۰/۱۴',0,NULL,'قیمت دهی پروژه SSR',NULL,1,137000,'جوان الکترونیک',72800,'admin','2L','ORGINAL','[\"https://www.javanelec.com/shop?searchfilter=bta16#dtl/35891\"]','','2026-01-17 17:22:22','SCR000000003','','','','','',''),(34,'100R','1/4W','5%','DIP','Resistor','1404/10/23',1005,NULL,'خرید برای تولید اس اس آر',NULL,100,140000,'چهره الکترونیک',168,'admin','A1','Carbon Film','[\"https://chehrehelec.com/%D9%85%D9%82%D8%A7%D9%88%D9%85%D8%AA-100-%D8%A7%D9%87%D9%851.4w-%D9%85%D9%82%D8%A7%D9%88%D9%85%D8%AA-5-%DA%A9%D8%B1%D8%A8%D9%86%D9%8A-100-%D8%A7%D9%87%D9%85-1.4-%D9%88%D8%A7%D8%AA-resistor-100-ohm\"]','43150','2026-01-16 23:40:18','RES000000001','','','','','',''),(35,'330R','1/4W','5%','DIP','Resistor','1404/10/23',2025,NULL,'خرید برای تولید اس اس آر',NULL,100,140000,'چهره الکترونیک',180,'admin','B1','Carbon Film','[\"https://chehrehelec.com/%D9%85%D9%82%D8%A7%D9%88%D9%85%D8%AA-330-%D8%A7%D9%87%D9%851.4w-%D9%85%D9%82%D8%A7%D9%88%D9%85%D8%AA-5-%DA%A9%D8%B1%D8%A8%D9%86%D9%8A-330-%D8%A7%D9%87%D9%85-1.4-%D9%88%D8%A7%D8%AA-resistor330-ohm\"]','43150','2026-01-16 23:40:12','RES000000002','','','','','',''),(36,'4.7k','1/4W','5%','DIP','Resistor','1404/10/23',1064,NULL,'خرید برای تولید اس اس آر',NULL,100,140000,'چهره الکترونیک',168,'admin','2L','Carbon Film','[\"https://chehrehelec.com/res1.4w-%D9%85%D9%82%D8%A7%D9%88%D9%85%D8%AA-4.7k-%DA%A9%D9%8A%D9%84%D9%88%D8%A7%D9%87%D9%85-1.4w-5-resistor-4.7k-ohm\"]','43150','2026-01-16 23:39:59','RES000000003','','','','','',''),(37,'100R','1W','5%','DIP','Resistor','1404/10/21',1009,NULL,'دست یلدا از قبل مونده',NULL,100,140000,'ECA',1090,'admin','B1','Carbon Film','[\"https://eshop.eca.ir/%D9%85%D9%82%D8%A7%D9%88%D9%85%D8%AA-1-%D9%88%D8%A7%D8%AA/2930-%D9%85%D9%82%D8%A7%D9%88%D9%85%D8%AA-100-%D8%A7%D9%87%D9%85-1w.html\"]','663292','2026-01-16 23:39:10','RES000000004','','','','','',''),(38,'BTA41-600B','600V','TRIAC','TO-247AD (TO-3P)','ترایاک و تریستور','1404/10/21',45,NULL,'خرید برای تولید اس اس آر ها',NULL,100,140000,'ECA',55566,'admin','1L','HIGH COPY','[\"https://eshop.eca.ir/%D8%AA%D8%B1%D8%A7%DB%8C%D8%A7%DA%A9-%D9%88-%D8%AA%D8%B1%DB%8C%D8%B3%D8%AA%D9%88%D8%B1/13722-%D8%AA%D8%B1%D8%A7%DB%8C%D8%A7%DA%A9-bta41-600b-%D9%BE%DA%A9%DB%8C%D8%AC-top-3.html\"]','663292','2026-01-16 23:46:06','SCR000000004','','','','','',''),(39,'0R','1W','5%','DIP','Resistor','1404/10/24',784,NULL,'جهت تولید اس اس آر دیمری',NULL,200,140000,'جوان الکترونیک',307,'admin','A2','Wire','[\"https://www.javanelec.com/shop/category/758/jumper-wires/%d8%b3%db%8c%d9%85-%d8%ac%d8%a7%d9%85%d9%be%d8%b1#dtl/23\"]','67784','2026-01-17 15:24:01','RES000000005','','','','','',''),(40,'LED-G','سبز','','DIP-3mm','ال ای دی (LED)','1404/10/24',1000,NULL,'تولید اس اس آر های 16 آمپر',NULL,100,140000,'جوان الکترونیک',603,'admin','B1','','[\"https://www.javanelec.com/shop/product/3915/non-brand/led-3mm-green/%d8%a7%d9%84-%d8%a7%db%8c-%d8%af%db%8c-3-%d9%85%db%8c%d9%84%db%8c-%d9%85%d8%aa%d8%b1-%d8%b3%d8%a8%d8%b2-%d8%ae%d9%88%d8%af-%d8%b1%d9%86%da%af\"]','67784','2026-01-17 15:23:41','LED000000002','','','','','',''),(41,'KF127-2Pin','5.0mm','THD','Straight','Connector','1404/10/21',850,NULL,'دست یلدا از پروژه های قبلی',NULL,100,140000,'جوان الکترونیک',7480,'admin','B1','','[\"https://www.javanelec.com/shop/product/1854/cixi-kefa-electronics/kf127-5-0-2p/%d8%aa%d8%b1%d9%85%db%8c%d9%86%d8%a7%d9%84-%d9%be%db%8c%da%86%db%8c-2-%d9%be%db%8c%d9%86-kf127\"]','67041','2026-01-17 15:20:03','CON000000001','10A','300V','','','',''),(42,'10nF','2kV','20','Radial','Capacitor','۱۴۰۴/۱۰/۲۷',1001,NULL,'از قبل دست یلدا بوده',NULL,100,140000,'جوان الکترونیک',1150,'admin','1L','Ceramic Disc','[\"https://www.javanelec.com/shop/product/323/non-brand/ceramic-disc-capacitor-10nf-2kv/%d8%ae%d8%a7%d8%b2%d9%86-%d9%85%d8%a7%db%8c%d9%84%d8%a7%d8%b1-10-%d9%86%d8%a7%d9%86%d9%88-%d9%81%d8%a7%d8%b1%d8%a7%d8%af\"]','67041','2026-01-17 15:39:27','CAP000000001','چین','','','','',''),(43,'LTVMOC3063','DIP','','DIP-6','IC','1404/10/21',646,NULL,'دست یلدا از قبل',NULL,100,140000,'جوان الکترونیک',14900,'admin','A3','Triac Driver','[\"https://www.javanelec.com/shop/product/26001/lite-on-semiconductor/ltvmoc3063\"]','67041','2026-01-17 15:46:16','_IC000000001','','','','','',''),(44,'LM317LZ','DIP','','TO-92','IC','1404/10/21',1001,NULL,'از قبل دست یلدا بوده',NULL,100,140000,'جوان الکترونیک',4720,'admin','2L','Regulator','[\"https://www.javanelec.com/shop/product/12490/wing-shing-international/lm317lz/%d8%b1%da%af%d9%88%d9%84%d8%a7%d8%aa%d9%88%d8%b1-lm317-%d9%be%da%a9%db%8c%d8%ac-to-92\"]','67045','2026-01-17 15:55:10','_IC000000002','','','','','',''),(45,'سیم قلع','0.8mm','Asahi-Copy','250g','قلع (Solder)','1404/10/24',10,NULL,'از قبل دست یلدا بوده',NULL,2,140000,'جوان الکترونیک',1802900,'admin','B1','SN63PB37','[\"https://www.javanelec.com/shop/product/6897/asahi-solder/solder-wire-0-8mm-(250g)sn63pb37-cf-10/%d8%b3%db%8c%d9%85-%d9%84%d8%ad%db%8c%d9%85-%d8%a2%d8%b3%d8%a7%d9%87%db%8c-0-8-%d9%85%db%8c%d9%84%db%8c-%d9%85%d8%aa%d8%b1-250-%da%af%d8%b1%d9%85%db%8c\"]','67784','2026-01-17 16:06:55','SOL000000001','','','','','',''),(46,'DG65-2Pin','11mm','THD','Straight','Connector','1404/10/24',843,NULL,'تولید اس اس آر - شماره قطعه در سایت پایا\"\"TER-2PIN DG65\"\"',NULL,100,140000,'پایا الکترونیک',13000,'admin','A2','','[\"https://payaelectronic.ir/\"]','21762','2026-01-17 16:31:39','CON000000002','25A','300V','','','',''),(47,'برد SSR ورژن 4-PCB','','2Layer','سبز','برد (PCB)','1404/04/24',344,NULL,'تولید اس اس آر',NULL,100,105000,'آلفا مدار صنعت',35938,'admin','1L','ندارد','[\"https://www.alfamadarsanat.com/\"]','1098621','2026-01-17 17:16:43','PCB000000001','انجام شده','','','','',''),(48,'IRF9540NPBF','Power','','TO-220AB','Transistor','1404/10/24',0,NULL,'ساخت نمونه سوئیچ برای تایمر به جای SSR',NULL,1,140000,'جوان الکترونیک',27500,'admin','1L','P-MOSFET','[\"https://www.javanelec.com/shop/product/6338/infineon-technologies/irf9540npbf\"]','67784','2026-01-17 19:20:44','__T000000001','','','','','',''),(49,'0.33R','3W','1%','SMD-2512','Resistor','1404/10/24',0,NULL,'تولید نمونه برای سوئیچ تایمر',NULL,1,140000,'جوان الکترونیک',4220,'admin','B1','Carbon Film','[\"https://www.javanelec.com/shop/product/49933/ta-i-technology/shunt-resistor-0-33ohms-2512-3w-1%25-smd/%d9%85%d9%82%d8%a7%d9%88%d9%85%d8%aa-%d8%b4%d9%86%d8%aa-0-33-3-%d9%88%d8%a7%d8%aa-1-%d8%af%d8%b1%d8%b5%d8%af\"]','67784','2026-01-17 19:23:58','RES000000006','','','','','',''),(50,'ATMEGA16A-AU','SMD','','TQFP-44','IC','۱۴۰۴/۱۰/۲۷',0,NULL,'ایجاد اولیه جهت قیمت  دهی تایمر',NULL,1,143000,'جوان الکترونیک',200000,'admin','B1','Microcontroller','[\"https://www.javanelec.com/shop?searchfilter=atmega16#dtl/11143\"]','','2026-01-17 19:35:05','_IC000000003','','','','','',''),(51,'100k','1/8W','1%','SMD-0805','Resistor','۱۴۰۴/۱۰/۲۷',0,NULL,'قیمت دهی مین تایمر',NULL,1,140000,'جوان الکترونیک',189,'admin','A2','Carbon Film','[\"https://www.javanelec.com/shop?searchfilter=100k#dtl/3977\"]','','2026-01-17 19:57:49','RES000000007','','','','','',''),(52,'4.7k','1/8W','5%','SMD-0805','Resistor','۱۴۰۴/۱۰/۲۷',0,NULL,'ثبت جهت قیمت گیری برد مین تایمر',NULL,1,140000,'جوان الکترونیک',143,'admin','A2','Carbon Film','[\"https://www.javanelec.com/shop?searchfilter=4.7k#dtl/4035\"]','','2026-01-17 20:00:22','RES000000008','','','','','',''),(53,'15pF','50V','5','SMD-0805','Capacitor','۱۴۰۴/۱۰/۲۷',0,NULL,'قیمت دهی برد مین تایمر',NULL,1,140000,'جوان الکترونیک',384,'admin','B1','Ceramic (MLCC) X7R','[\"https://www.javanelec.com/shop?searchfilter=15pf#dtl/4193\"]','','2026-01-17 20:04:44','CAP000000002','چین','','','','',''),(54,'100nF','50V','10','SMD-0805','Capacitor','۱۴۰۴/۱۰/۲۷',0,NULL,'قیمت دهی برد مین تایمر',NULL,1,140000,'جوان الکترونیک',337,'admin','A2','Ceramic (MLCC) X7R','[\"https://www.javanelec.com/shop?searchfilter=100nf#dtl/4185\"]','','2026-01-17 20:07:23','CAP000000003','چین','','','','',''),(55,'10uF','16V','10','SMD-0805','Capacitor','۱۴۰۴/۱۰/۲۷',0,NULL,'قیمت دهی برد مین تایمر',NULL,1,140000,'جوان الکترونیک',839,'admin','A2','Ceramic (MLCC) X5R','[\"https://www.javanelec.com/shop?searchfilter=10uf#dtl/4190\"]','','2026-01-17 20:11:19','CAP000000004','چین','','','','',''),(56,'LED-B','آبی','','SMD-0805','ال ای دی (LED)','۱۴۰۴/۱۰/۲۷',0,NULL,'قیمت دهی برد مین تایمر',NULL,1,140000,'جوان الکترونیک',223,'admin','B1','','[\"https://www.javanelec.com/shop/product/11923/non-brand/led-smd-0805-blue/%d8%a7%d9%84-%d8%a7%db%8c-%d8%af%db%8c-%d8%a7%d8%b3-%d8%a7%d9%85-%d8%af%db%8c-0805-%d8%a2%d8%a8%db%8c\"]','','2026-01-17 20:16:57','LED000000003','','','','','',''),(57,'LED-G','سبز','','SMD-0805','ال ای دی (LED)','۱۴۰۴/۱۰/۲۷',0,NULL,'قیمت دهی برد مین تایمر',NULL,1,140000,'جوان الکترونیک',247,'admin','A1','','[\"https://www.javanelec.com/shop/product/52335/non-brand/led-smd-0805-green/%d8%a7%d9%84-%d8%a7%db%8c-%d8%af%db%8c-%d8%a7%d8%b3-%d8%a7%d9%85-%d8%af%db%8c-0805-%d8%b3%d8%a8%d8%b2\"]','','2026-01-17 20:18:43','LED000000004','','','','','',''),(58,'LED-Y','زرد','','SMD-0805','ال ای دی (LED)','۱۴۰۴/۱۰/۲۷',0,NULL,'قیمت دهی برد مین تایمر',NULL,1,140000,'جوان الکترونیک',288,'admin','A2','','[\"https://www.javanelec.com/shop/product/11927/non-brand/led-smd-0805-yellow/%d8%a7%d9%84-%d8%a7%db%8c-%d8%af%db%8c-%d8%a7%d8%b3-%d8%a7%d9%85-%d8%af%db%8c-0805-%d8%b2%d8%b1%d8%af\"]','','2026-01-17 20:20:00','LED000000005','','','','','',''),(59,'MMBT2222A','Small Signal','','SOT-23','Transistor','۱۴۰۴/۱۰/۲۷',0,NULL,'قیمت دهی مین تایمر',NULL,1,140000,'ECA',710,'admin','2L','BJT (NPN)','[\"https://eshop.eca.ir/%D8%AA%D8%B1%D8%A7%D9%86%D8%B2%DB%8C%D8%B3%D8%AA%D9%88%D8%B1-bjt/15826-%D8%AA%D8%B1%D8%A7%D9%86%D8%B2%DB%8C%D8%B3%D8%AA%D9%88%D8%B1-mmbt2222a-%D9%86%D9%88%D8%B9-npn-%D9%BE%DA%A9%DB%8C%D8%AC-sot-23.html\"]','','2026-01-17 20:24:21','__T000000002','','','','','',''),(60,'10k','1/8W','5%','SMD-0805','Resistor','۱۴۰۴/۱۰/۲۷',0,NULL,'قیمت دهی برد مین تایمر',NULL,1,140000,'ECA',130,'admin','2L','Carbon Film','[\"https://eshop.eca.ir/%D9%85%D9%82%D8%A7%D9%88%D9%85%D8%AA-smd-0805/3411-%D9%85%D9%82%D8%A7%D9%88%D9%85%D8%AA-10k-%D8%A7%D9%87%D9%85-smd-0805.html\"]','','2026-01-17 20:28:05','RES000000009','','','','','',''),(61,'22k','1/8W','5%','SMD-0805','Resistor','۱۴۰۴/۱۰/۲۷',0,NULL,'قیمت دهی مین تایمر',NULL,1,140000,'ECA',130,'admin','B1','Carbon Film','[\"https://eshop.eca.ir/%D9%85%D9%82%D8%A7%D9%88%D9%85%D8%AA-smd-0805/4438-%D9%85%D9%82%D8%A7%D9%88%D9%85%D8%AA-22k-%D8%A7%D9%87%D9%85-smd-0805.html\"]','','2026-01-17 20:30:45','RES000000010','','','','','',''),(62,'برد Main Timer ورژن 1.08-PCB','','2Layer','سبز','برد (PCB)','۱۴۰۴/۱۰/۲۷',0,NULL,'قیمت دهی برد مین تایمر',NULL,1,140000,'آلفا مدار صنعت',100000,'admin','B1','سفید','[]','','2026-01-17 20:56:10','PCB000000002','انجام شده','','','','','');
/*!40000 ALTER TABLE `parts` ENABLE KEYS */;
UNLOCK TABLES;

--
-- Table structure for table `project_bom`
--

DROP TABLE IF EXISTS `project_bom`;
/*!40101 SET @saved_cs_client     = @@character_set_client */;
/*!50503 SET character_set_client = utf8mb4 */;
CREATE TABLE `project_bom` (
  `id` int NOT NULL AUTO_INCREMENT,
  `project_id` int NOT NULL,
  `part_id` int NOT NULL,
  `quantity` int DEFAULT '1',
  `sort_order` int DEFAULT '0',
  `parent_part_id` int DEFAULT NULL,
  PRIMARY KEY (`id`),
  KEY `fk_bom_project` (`project_id`),
  KEY `fk_bom_part` (`part_id`),
  CONSTRAINT `fk_bom_part` FOREIGN KEY (`part_id`) REFERENCES `parts` (`id`) ON DELETE CASCADE,
  CONSTRAINT `fk_bom_project` FOREIGN KEY (`project_id`) REFERENCES `projects` (`id`) ON DELETE CASCADE
) ENGINE=InnoDB AUTO_INCREMENT=487 DEFAULT CHARSET=utf8mb4 COLLATE=utf8mb4_0900_ai_ci;
/*!40101 SET character_set_client = @saved_cs_client */;

--
-- Dumping data for table `project_bom`
--

LOCK TABLES `project_bom` WRITE;
/*!40000 ALTER TABLE `project_bom` DISABLE KEYS */;
INSERT INTO `project_bom` VALUES (303,3,47,1,0,NULL),(304,3,32,1,1,NULL),(305,3,43,1,2,NULL),(306,3,44,1,3,NULL),(307,3,46,1,4,NULL),(308,3,41,1,5,NULL),(309,3,40,1,6,NULL),(310,3,42,1,7,NULL),(311,3,37,1,8,NULL),(312,3,34,1,9,NULL),(313,3,35,2,10,NULL),(314,3,36,1,11,NULL),(332,4,47,1,0,NULL),(333,4,32,1,1,NULL),(334,4,46,1,2,NULL),(335,4,41,1,3,NULL),(336,4,39,2,4,NULL),(355,2,47,1,0,NULL),(356,2,38,1,1,NULL),(357,2,30,1,1,38),(358,2,43,1,2,NULL),(359,2,44,1,3,NULL),(360,2,46,1,4,NULL),(361,2,41,1,5,NULL),(362,2,31,1,6,NULL),(363,2,42,1,7,NULL),(364,2,37,1,8,NULL),(365,2,34,1,9,NULL),(366,2,35,2,10,NULL),(367,2,36,1,11,NULL),(373,5,47,1,0,NULL),(374,5,38,1,1,NULL),(375,5,30,1,1,38),(376,5,46,1,2,NULL),(377,5,41,1,3,NULL),(378,5,39,2,4,NULL),(474,6,62,1,0,NULL),(475,6,50,1,1,NULL),(476,6,59,1,2,NULL),(477,6,57,1,3,NULL),(478,6,58,1,4,NULL),(479,6,56,1,5,NULL),(480,6,53,2,6,NULL),(481,6,54,4,7,NULL),(482,6,55,4,8,NULL),(483,6,52,3,9,NULL),(484,6,60,6,10,NULL),(485,6,61,1,11,NULL),(486,6,51,1,12,NULL);
/*!40000 ALTER TABLE `project_bom` ENABLE KEYS */;
UNLOCK TABLES;

--
-- Table structure for table `project_costs`
--

DROP TABLE IF EXISTS `project_costs`;
/*!40101 SET @saved_cs_client     = @@character_set_client */;
/*!50503 SET character_set_client = utf8mb4 */;
CREATE TABLE `project_costs` (
  `id` int NOT NULL AUTO_INCREMENT,
  `project_id` int NOT NULL,
  `description` varchar(255) DEFAULT NULL,
  `cost` double DEFAULT '0',
  PRIMARY KEY (`id`),
  KEY `fk_costs_project` (`project_id`),
  CONSTRAINT `fk_costs_project` FOREIGN KEY (`project_id`) REFERENCES `projects` (`id`) ON DELETE CASCADE
) ENGINE=InnoDB AUTO_INCREMENT=245 DEFAULT CHARSET=utf8mb4 COLLATE=utf8mb4_0900_ai_ci;
/*!40101 SET character_set_client = @saved_cs_client */;

--
-- Dumping data for table `project_costs`
--

LOCK TABLES `project_costs` WRITE;
/*!40000 ALTER TABLE `project_costs` DISABLE KEYS */;
INSERT INTO `project_costs` VALUES (161,3,'هزینه مونتاژ',0.5),(162,3,'هزینه طراحی',0.3),(163,3,'هزینه بسته بندی',0.05),(164,3,'هزینه تست-بهروز',0.1),(173,4,'هزینه مونتاژ',0.4),(174,4,'هزینه طراحی',0.25),(175,4,'هزینه بسته بندی',0.05),(176,4,'هزینه تست-بهروز',0.1),(185,2,'هزینه مونتاژ',0.5),(186,2,'هزینه طراحی',0.3),(187,2,'هزینه بسته بندی',0.05),(188,2,'هزینه تست-بهروز',0.1),(193,5,'هزینه مونتاژ',0.4),(194,5,'هزینه طراحی',0.25),(195,5,'هزینه بسته بندی',0.05),(196,5,'هزینه تست-بهروز',0.1),(241,6,'هزینه مونتاژ + پروگرام',1.2),(242,6,'هزینه طراحی',0.5),(243,6,'هزینه بسته بندی',0.1),(244,6,'هزینه تست-بهروز',0.1);
/*!40000 ALTER TABLE `project_costs` ENABLE KEYS */;
UNLOCK TABLES;

--
-- Table structure for table `projects`
--

DROP TABLE IF EXISTS `projects`;
/*!40101 SET @saved_cs_client     = @@character_set_client */;
/*!50503 SET character_set_client = utf8mb4 */;
CREATE TABLE `projects` (
  `id` int NOT NULL AUTO_INCREMENT,
  `name` varchar(255) NOT NULL,
  `description` text,
  `created_at` datetime DEFAULT CURRENT_TIMESTAMP,
  `last_modified` datetime DEFAULT CURRENT_TIMESTAMP ON UPDATE CURRENT_TIMESTAMP,
  `total_price_usd` double DEFAULT '0',
  `conversion_rate` double DEFAULT '0',
  `part_profit` double DEFAULT '0',
  `total_parts_count` int DEFAULT '0',
  PRIMARY KEY (`id`)
) ENGINE=InnoDB AUTO_INCREMENT=7 DEFAULT CHARSET=utf8mb4 COLLATE=utf8mb4_0900_ai_ci;
/*!40101 SET character_set_client = @saved_cs_client */;

--
-- Dumping data for table `projects`
--

LOCK TABLES `projects` WRITE;
/*!40000 ALTER TABLE `projects` DISABLE KEYS */;
INSERT INTO `projects` VALUES (2,'SSR 40A-H10','تولید محصول SSR  کامل با LED قرمز','2026-01-03 11:42:31','2026-01-17 18:33:59',2.000202380952381,20,10,13),(3,'SSR 16A-H10','تولید محصول SSR  کامل با LED سبز','2026-01-17 16:42:37','2026-01-17 18:26:11',1.7311166666666666,20,10,13),(4,'Triac Board 16A-H10','برد ترایاک 16 آمپر\nاین برد فقط شامل ترایاک و دو کانکتور ورودی و خروجی می‌باشد.','2026-01-17 18:26:39','2026-01-17 18:32:04',1.4200809523809523,20,10,6),(5,'Triac Board 40A-H10','برد ترایاک 40 آمپر\nاین برد فقط شامل ترایاک و دو کانکتور ورودی و خروجی می‌باشد.','2026-01-17 18:31:00','2026-01-17 18:49:01',1.6898380952380951,20,10,6),(6,'Main Timer','برد main تایمر','2026-01-17 19:36:08','2026-01-17 20:56:53',4.073372827172827,20,20,27);
/*!40000 ALTER TABLE `projects` ENABLE KEYS */;
UNLOCK TABLES;

--
-- Table structure for table `purchase_log`
--

DROP TABLE IF EXISTS `purchase_log`;
/*!40101 SET @saved_cs_client     = @@character_set_client */;
/*!50503 SET character_set_client = utf8mb4 */;
CREATE TABLE `purchase_log` (
  `log_id` int NOT NULL AUTO_INCREMENT,
  `part_id` int NOT NULL,
  `val` longtext NOT NULL,
  `quantity_added` int NOT NULL,
  `unit_price` double DEFAULT NULL,
  `usd_rate` double DEFAULT NULL,
  `vendor_name` longtext,
  `purchase_date` longtext,
  `reason` longtext,
  `operation_type` longtext,
  `timestamp` longtext,
  `username` longtext,
  `watt` longtext,
  `tolerance` longtext,
  `package` longtext,
  `type` longtext,
  `storage_location` longtext,
  `tech` longtext,
  `invoice_number` longtext,
  `part_code` longtext,
  `list5` longtext,
  `list6` longtext,
  `list7` longtext,
  `list8` longtext,
  `list9` longtext,
  `list10` longtext,
  `edit_reason` longtext,
  PRIMARY KEY (`log_id`)
) ENGINE=InnoDB AUTO_INCREMENT=233 DEFAULT CHARSET=utf8mb4 COLLATE=utf8mb4_0900_ai_ci;
/*!40101 SET character_set_client = @saved_cs_client */;

--
-- Dumping data for table `purchase_log`
--

LOCK TABLES `purchase_log` WRITE;
/*!40000 ALTER TABLE `purchase_log` DISABLE KEYS */;
INSERT INTO `purchase_log` VALUES (126,13,'1M',0,100,130000,'ECA','۱۴۰۴/۹/۲۷','ضضضضضضضضضض [اصلاح: پارامتر: 1/4W -> 2W]','UPDATE (Edit)','2026-01-01 20:31:13','admin','2W','1%','DIP','Resistor','B1','Thin Film',NULL,'RES000000008','1','','','','','','تولرانس: 2% -> 1%'),(132,9,'1k',25,110,55000,'جوان الکترونیک','۱۴۰۴/۹/۱۵','انبار قبلی','ENTRY (Refill)','2026-01-01 21:02:12','admin','5W','2%','DIP','Resistor','B1','Precision',NULL,'RES000000007','','','','','','','موجودی: 75 -> 100 | تولرانس: 2% | تکنولوژی: Precision | فروشنده: ECA -> جوان الکترونیک | دلیل خرید/پروژه: انبار قبلی [اصلاح: پارامتر:  -> 5W] [اصلاح: آدرس: A3 -> B1] -> انبار قبلی'),(133,9,'1k',1,110,55000,'جوان الکترونیک','۱۴۰۴/۹/۱۵','انبار قبلی','ENTRY (Refill)','2026-01-01 21:02:59','admin','5W','2%','DIP','Resistor','B1','Precision',NULL,'RES000000007','','','','','','','موجودی: 100 -> 101'),(135,2,'1R',0,30,55000,'جوان الکترونیک','۱۴۰۴/۹/۱۵','جججج','UPDATE (Edit)','2026-01-01 22:10:50','admin','50W','1%','DIP','Resistor','A3','Precision',NULL,'RES000000002','','','','','','','پکیج: 0805 -> DIP | تکنولوژی: Precision'),(136,13,'1M',0,100,130000,'ECA','۱۴۰۴/۹/۲۷','حذف قطعه از انبار','DELETE','2026-01-03 12:54:23','admin','2W','1%','DIP','Resistor','B1','Thin Film',NULL,'RES000000008','1','','','','','',''),(137,9,'1k',0,110,55000,'جوان الکترونیک','۱۴۰۴/۹/۱۵','حذف قطعه از انبار','DELETE','2026-01-03 12:54:25','admin','5W','2%','DIP','Resistor','B1','Precision',NULL,'RES000000007','','','','','','',''),(138,6,'0R',0,300,55000,'جوان الکترونیک','۱۴۰۴/۹/۲۲','حذف قطعه از انبار','DELETE','2026-01-03 12:54:27','admin','1/10W','1%','2512','Resistor','B1','Thin Film',NULL,'RES000000006','','','','','','',''),(139,4,'50k',0,156,121000,'ECA','۱۴۰۴/۹/۱۵','حذف قطعه از انبار','DELETE','2026-01-03 12:54:28','admin','1/20W','0.01%','01005 (SMD)','Resistor','A1','',NULL,'RES000000004','','','','','','',''),(140,3,'1k',0,10,55000,'ECA','۱۴۰۴/۹/۱۵','حذف قطعه از انبار','DELETE','2026-01-03 12:54:30','admin','1/4W','1%','0805','Resistor','A2','',NULL,'RES000000003',NULL,NULL,NULL,NULL,NULL,NULL,''),(141,2,'1R',0,30,55000,'جوان الکترونیک','۱۴۰۴/۹/۱۵','حذف قطعه از انبار','DELETE','2026-01-03 12:54:31','admin','50W','1%','DIP','Resistor','A3','Precision',NULL,'RES000000002','','','','','','',''),(142,24,'10nF',0,100,55000,'ECA','۱۴۰۴/۹/۲۳','حذف قطعه از انبار','DELETE','2026-01-03 12:54:38','admin','1kV','10%','Radial','Capacitor','B1','Polymer',NULL,'CAP000000002','','','','','','',''),(143,21,'47pF',0,40,40000,'جوان الکترونیک','۱۴۰۴/۱۰/۳','حذف قطعه از انبار','DELETE','2026-01-03 12:54:40','admin','200V','','Radial','Capacitor','B1','','','CAP000000005','','','','','','',''),(144,16,'47nF',0,100,100000,'جوان الکترونیک','۱۴۰۴/۱۰/۳','حذف قطعه از انبار','DELETE','2026-01-03 12:54:44','admin','400V','0.25%','0402','Capacitor','A3','','','CAP000000004','','','','','','',''),(145,12,'100nF',0,200,50000,'جوان الکترونیک','۱۴۰۴/۹/۲۵','حذف قطعه از انبار','DELETE','2026-01-03 12:54:47','admin','','','0805','Capacitor','B1','',NULL,'CAP000000003',NULL,NULL,NULL,NULL,NULL,NULL,''),(146,27,'10mm',0,1500,120000,'ECA','۱۴۰۴/۱۰/۴','حذف قطعه از انبار','DELETE','2026-01-03 12:54:51','admin','','mm','F-M','اسپیسر(Spacer)','A1','','','SPA000000001','','','','','','',''),(147,11,'2n2222',0,1500,135000,'جوان الکترونیک','۱۴۰۴/۹/۲۴','حذف قطعه از انبار','DELETE','2026-01-03 12:54:58','admin','Small Signal','','SOT-23','Transistor','B1','BJT (NPN)',NULL,'__T000000001',NULL,NULL,NULL,NULL,NULL,NULL,''),(148,30,'BTA41-700B700V',0,86200,135000,'جوان الکترونیک','۱۴۰۴/۱۰/۱۳','انبار گردانی','ENTRY (New)','2026-01-03 13:07:40','admin','TRIAC','HIGH COPY','TO220','ترایاک و تریستور','A1','','','SCR000000001','','','','','','','ثبت اولیه قطعه'),(149,30,'BTA41-700B700V',0,86200,135000,'جوان الکترونیک','۱۴۰۴/۱۰/۱۳','انبار گردانی','UPDATE (Edit)','2026-01-03 13:09:36','admin','TRIAC','HIGH COPY','TO-247AD (TO-3P)','ترایاک و تریستور','A1','','','SCR000000001','','','','','','','پکیج: TO220 -> TO-247AD (TO-3P)'),(150,30,'BTA41-700B700V',0,86200,135000,'جوان الکترونیک','۱۴۰۴/۱۰/۱۳','انبار گردانی','UPDATE (Edit)','2026-01-03 13:10:16','admin','TRIAC','HIGH COPY','TO-247AD (TO-3P)','ترایاک و تریستور','2L','','','SCR000000001','','','','','','','آدرس/محل نگهداری: A1 -> 2L'),(151,30,'BTA41-700B700V',0,86200,135000,'جوان الکترونیک','۱۴۰۴/۱۰/۱۳','انبار گردانی','UPDATE (Edit)','2026-01-03 14:30:53','admin','700V','TRIAC','TO-247AD (TO-3P)','ترایاک و تریستور','2L','HIGH COPY','','SCR000000001','','','','','','','تولرانس: HIGH COPY -> TRIAC | توان/مشخصه: TRIAC -> 700V | تکنولوژی: HIGH COPY'),(152,30,'BTA41-700B',0,86200,135000,'جوان الکترونیک','۱۴۰۴/۱۰/۱۳','انبار گردانی','UPDATE (Edit)','2026-01-03 14:33:19','admin','700V','TRIAC','TO-247AD (TO-3P)','ترایاک و تریستور','2L','HIGH COPY','','SCR000000001','','','','','','','لینک خرید: [\"https://www.javanelec.com/shop?searchfilter=bta41#dtl/20097\"] -> [\"https://www.javanelec.com/shop?searchfilter=bta41#dtl/20097\", \"https://eshop.eca.ir/%D8%AA%D8%B1%D8%A7%DB%8C%D8%A7%DA%A9-%D9%88-%D8%AA%D8%B1%DB%8C%D8%B3%D8%AA%D9%88%D8%B1/13722-%D8%AA%D8%B1%D8%A7%DB%8C%D8%A7%DA%A9-bta41-600b-%D9%BE%DA%A9%DB%8C%D8%AC-top-3.html\"]'),(153,31,'LED-R',0,535,135000,'جوان الکترونیک','۱۴۰۴/۱۰/۱۳','SSR','ENTRY (New)','2026-01-03 14:39:13','admin','قرمز','','DIP-3mm','LED','A1','','','LED000000001','','','','','','','ثبت اولیه قطعه'),(154,31,'LED-R',0,535,135000,'جوان الکترونیک','۱۴۰۴/۱۰/۱۳','SSR','UPDATE (Edit)','2026-01-03 14:40:40','admin','قرمز','','DIP-3mm','LED','2J','','','LED000000001','','','','','','','آدرس/محل نگهداری: A1 -> 2J | لینک خرید: [] -> [\"https://www.javanelec.com/shop?searchfilter=led%203m#dtl/3918\"]'),(155,31,'LED-R',33,535,135000,'جوان الکترونیک','۱۴۰۴/۱۰/۱۳','SSR','ENTRY (Refill)','2026-01-03 14:41:27','admin','قرمز','','DIP-3mm','LED','2J','','','LED000000001','','','','','','','موجودی: 0 -> 33'),(157,32,'BTA16-600B',0,17800,137000,'جوان الکترونیک','۱۴۰۴/۱۰/۱۴','مقدار دهی اولیه برای قیمت دهی SSR','ENTRY (New)','2026-01-04 22:02:54','admin','600V','TRIAC','TO-220AB','ترایاک و تریستور','2L','HIGH COPY','','SCR000000002','','','','','','','ثبت اولیه قطعه'),(158,33,'BTA16-600BRG',0,72800,137000,'جوان الکترونیک','۱۴۰۴/۱۰/۱۴','قیمت دهی پروژه SSR','ENTRY (New)','2026-01-04 22:05:04','admin','600V','TRIAC','TO-220AB','ترایاک و تریستور','2L','ORGINAL','','SCR000000003','','','','','','','ثبت اولیه قطعه'),(159,34,'100R',0,225,137000,'چهره الکترونیک','۱۴۰۴/۱۰/۱۴','مقدار دهی اولیه برای پروژه SSR','ENTRY (New)','2026-01-04 22:33:49','admin','1/4W','5%','DIP','Resistor','A1','Carbon Film','','RES000000001','','','','','','','ثبت اولیه قطعه'),(160,35,'330R',0,225,137000,'چهره الکترونیک','۱۴۰۴/۱۰/۱۴','قیمت گیری برای پروژه SSR','ENTRY (New)','2026-01-04 22:38:56','admin','1/4W','5%','DIP','Resistor','B1','Carbon Film','','RES000000002','','','','','','','ثبت اولیه قطعه'),(161,36,'4.7k',0,225,137000,'چهره الکترونیک','۱۴۰۴/۱۰/۱۴','قیمت اولیه برای SSR','ENTRY (New)','2026-01-04 22:43:38','admin','1/4W','5%','DIP','Resistor','2L','Carbon Film','','RES000000003','','','','','','','ثبت اولیه قطعه'),(162,36,'4.7k',112,225,137000,'چهره الکترونیک','1404/10/26','موجودی دست یلدا','ENTRY (Refill)','2026-01-16 23:23:52','admin','1/4W','5%','DIP','Resistor','2L','Carbon Film','','RES000000003','','','','','','','موجودی: 0 -> 112 | تاریخ خرید: ۱۴۰۴/۱۰/۱۴ -> 1404/10/26 | دلیل خرید/پروژه: قیمت اولیه برای SSR -> موجودی دست یلدا'),(163,35,'330R',121,225,137000,'چهره الکترونیک','۱۴۰۴/۱۰/۱۴','موجودی دست یلدا','ENTRY (Refill)','2026-01-16 23:24:24','admin','1/4W','5%','DIP','Resistor','B1','Carbon Film','','RES000000002','','','','','','','موجودی: 0 -> 121 | دلیل خرید/پروژه: قیمت گیری برای پروژه SSR -> موجودی دست یلدا'),(164,34,'100R',53,225,137000,'چهره الکترونیک','۱۴۰۴/۱۰/۱۴','موجودی دست یلدا','ENTRY (Refill)','2026-01-16 23:24:52','admin','1/4W','5%','DIP','Resistor','A1','Carbon Film','','RES000000001','','','','','','','موجودی: 0 -> 53 | دلیل خرید/پروژه: مقدار دهی اولیه برای پروژه SSR -> موجودی دست یلدا'),(165,36,'4.7k',1000,168,140000,'چهره الکترونیک','1404/10/26','خرید برای تولید اس اس آر','ENTRY (Refill)','2026-01-16 23:27:57','admin','1/4W','5%','DIP','Resistor','2L','Carbon Film','','RES000000003','','','','','','','موجودی: 112 -> 1112 | قیمت (تومان): 225.0 -> 168.0 | نرخ دلار: 137000.0 -> 140000.0 | دلیل خرید/پروژه: موجودی دست یلدا -> خرید برای تولید اس اس آر'),(166,35,'330R',2000,180,145000,'چهره الکترونیک','1404/10/23','خرید برای تولید اس اس آر','ENTRY (Refill)','2026-01-16 23:29:26','admin','1/4W','5%','DIP','Resistor','B1','Carbon Film','','RES000000002','','','','','','','موجودی: 121 -> 2121 | قیمت (تومان): 225.0 -> 180.0 | نرخ دلار: 137000.0 -> 145000.0 | تاریخ خرید: ۱۴۰۴/۱۰/۱۴ -> 1404/10/23 | دلیل خرید/پروژه: موجودی دست یلدا -> خرید برای تولید اس اس آر'),(167,36,'4.7k',0,168,140000,'چهره الکترونیک','1404/10/23','خرید برای تولید اس اس آر','UPDATE (Edit)','2026-01-16 23:29:38','admin','1/4W','5%','DIP','Resistor','2L','Carbon Film','','RES000000003','','','','','','','تاریخ خرید: 1404/10/26 -> 1404/10/23'),(168,35,'330R',0,180,140000,'چهره الکترونیک','1404/10/23','خرید برای تولید اس اس آر','UPDATE (Edit)','2026-01-16 23:29:52','admin','1/4W','5%','DIP','Resistor','B1','Carbon Film','','RES000000002','','','','','','','نرخ دلار: 145000.0 -> 140000.0'),(169,34,'100R',1000,168,140000,'چهره الکترونیک','1404/10/23','خرید برای تولید اس اس آر','ENTRY (Refill)','2026-01-16 23:30:30','admin','1/4W','5%','DIP','Resistor','A1','Carbon Film','','RES000000001','','','','','','','موجودی: 53 -> 1053 | قیمت (تومان): 225.0 -> 168.0 | نرخ دلار: 137000.0 -> 140000.0 | تاریخ خرید: ۱۴۰۴/۱۰/۱۴ -> 1404/10/23 | دلیل خرید/پروژه: موجودی دست یلدا -> خرید برای تولید اس اس آر'),(170,36,'4.7k',-48,168,140000,'چهره الکترونیک','1404/10/26','تولید SSR از نوع H10 با ترایاک 40آمپر','EXIT (Project)','2026-01-16 23:31:55','admin','1/4W','5%','DIP','Resistor','2L','Carbon Film','','RES000000003','','','','','','','موجودی: 1112 -> 1064'),(171,35,'330R',-96,180,140000,'چهره الکترونیک','1404/10/26','تولید SSR از نوع H10 با ترایاک 40آمپر','EXIT (Project)','2026-01-16 23:31:55','admin','1/4W','5%','DIP','Resistor','B1','Carbon Film','','RES000000002','','','','','','','موجودی: 2121 -> 2025'),(172,34,'100R',-48,168,140000,'چهره الکترونیک','1404/10/26','تولید SSR از نوع H10 با ترایاک 40آمپر','EXIT (Project)','2026-01-16 23:31:55','admin','1/4W','5%','DIP','Resistor','A1','Carbon Film','','RES000000001','','','','','','','موجودی: 1053 -> 1005'),(173,37,'100R',32,1090,140000,'ECA','۱۴۰۴/۱۰/۲۶','دست یلدا از قبل مونده','ENTRY (New)','2026-01-16 23:37:39','admin','1W','5%','DIP','Resistor','B1','Carbon Film','','RES000000004','','','','','','','ثبت اولیه قطعه'),(174,37,'100R',1025,1090,140000,'ECA','1404/10/21','دست یلدا از قبل مونده','ENTRY (Refill)','2026-01-16 23:39:10','admin','1W','5%','DIP','Resistor','B1','Carbon Film','663292','RES000000004','','','','','','','موجودی: 32 -> 1057 | شماره فاکتور: 663292 | تاریخ خرید: ۱۴۰۴/۱۰/۲۶ -> 1404/10/21'),(175,36,'4.7k',0,168,140000,'چهره الکترونیک','1404/10/23','خرید برای تولید اس اس آر','UPDATE (Edit)','2026-01-16 23:39:59','admin','1/4W','5%','DIP','Resistor','2L','Carbon Film','43150','RES000000003','','','','','','','شماره فاکتور: 43150'),(176,35,'330R',0,180,140000,'چهره الکترونیک','1404/10/23','خرید برای تولید اس اس آر','UPDATE (Edit)','2026-01-16 23:40:12','admin','1/4W','5%','DIP','Resistor','B1','Carbon Film','43150','RES000000002','','','','','','','شماره فاکتور: 43150'),(177,34,'100R',0,168,140000,'چهره الکترونیک','1404/10/23','خرید برای تولید اس اس آر','UPDATE (Edit)','2026-01-16 23:40:18','admin','1/4W','5%','DIP','Resistor','A1','Carbon Film','43150','RES000000001','','','','','','','شماره فاکتور: 43150'),(178,37,'100R',-48,1090,140000,'ECA','1404/10/26','تولید SSR از نوع H10 با ترایاک 40آمپر','EXIT (Project)','2026-01-16 23:41:11','admin','1W','5%','DIP','Resistor','B1','Carbon Film','663292','RES000000004','','','','','','','موجودی: 1057 -> 1009'),(179,38,'BTA41-600B',1,0,140000,'ECA','۱۴۰۴/۱۰/۲۶','از قبل دست یلدا بوده','ENTRY (New)','2026-01-16 23:44:50','admin','600V','TRIAC','TO-247AD (TO-3P)','ترایاک و تریستور','1L','HIGH COPY','','SCR000000004','','','','','','','ثبت اولیه قطعه'),(180,38,'BTA41-600B',200,55566,140000,'ECA','1404/10/21','خرید برای تولید اس اس آر ها','ENTRY (Refill)','2026-01-16 23:46:06','admin','600V','TRIAC','TO-247AD (TO-3P)','ترایاک و تریستور','1L','HIGH COPY','663292','SCR000000004','','','','','','','موجودی: 1 -> 201 | قیمت (تومان): 0.0 -> 55566.0 | شماره فاکتور: 663292 | تاریخ خرید: ۱۴۰۴/۱۰/۲۶ -> 1404/10/21 | دلیل خرید/پروژه: از قبل دست یلدا بوده -> خرید برای تولید اس اس آر ها'),(181,38,'BTA41-600B',-156,55566,140000,'ECA','1404/10/26','تولید SSR از نوع H10 با ترایاک 40آمپر','EXIT (Project)','2026-01-16 23:47:31','admin','600V','TRIAC','TO-247AD (TO-3P)','ترایاک و تریستور','1L','HIGH COPY','663292','SCR000000004','','','','','','','موجودی: 201 -> 45'),(183,39,'0R',1000,314,140000,'جوان الکترونیک','1404/10/24','جهت تولید اس اس آر دیمری','ENTRY (New)','2026-01-17 00:04:16','admin','1W','5%','DIP','Resistor','A2','Wire','67784','RES000000005','','','','','','','ثبت اولیه قطعه'),(184,39,'0R',-216,314,140000,'جوان الکترونیک','1404/10/27','تولید SSR تریاکی از نوع H10 با ترایاک 40آمپر','EXIT (Project)','2026-01-17 00:05:19','admin','1W','5%','DIP','Resistor','A2','Wire','67784','RES000000005','','','','','','','موجودی: 1000 -> 784'),(185,40,'LED-G',1000,635,140000,'جوان الکترونیک','1404/10/24','تولید اس اس آر های 16 آمپر','ENTRY (New)','2026-01-17 00:08:55','admin','سبز','','DIP-3mm','ال ای دی (LED)','B1','','67784','LED000000002','','','','','','','ثبت اولیه قطعه'),(186,31,'LED-R',111,542,140000,'جوان الکترونیک','۱۴۰۴/۱۰/۱۳','موجودی دست یلدا','ENTRY (Refill)','2026-01-17 00:10:36','admin','قرمز','','DIP-3mm','ال ای دی (LED)','2J','','','LED000000001','','','','','','','موجودی: 33 -> 144 | قیمت (تومان): 535.0 -> 542.0 | نرخ دلار: 135000.0 -> 140000.0 | حد حداقل: 20 -> 100 | دلیل خرید/پروژه: SSR -> موجودی دست یلدا'),(187,31,'LED-R',1000,542,140000,'جوان الکترونیک','۱۴۰۴/۱۰/۱۳','خرید جهت تولید اس اس آر های 40 آمپری','ENTRY (Refill)','2026-01-17 00:11:27','admin','قرمز','','DIP-3mm','ال ای دی (LED)','2J','','67041','LED000000001','','','','','','','موجودی: 144 -> 1144 | شماره فاکتور: 67041 | دلیل خرید/پروژه: موجودی دست یلدا -> خرید جهت تولید اس اس آر های 40 آمپری'),(188,31,'LED-R',-48,542,140000,'جوان الکترونیک','1404/10/27','تولید SSR تریاکی از نوع H10 با ترایاک 40آمپر','EXIT (Project)','2026-01-17 00:12:12','admin','قرمز','','DIP-3mm','ال ای دی (LED)','2J','','67041','LED000000001','','','','','','','موجودی: 1144 -> 1096'),(189,41,'KF1272Pin',1000,7480,140000,'جوان الکترونیک','1404/10/21','تولید اس اس آر','ENTRY (New)','2026-01-17 15:16:35','admin','5.0mm','THD','Straight','Connector','B1','','67041','CON000000001','10A','300V','','','','','ثبت اولیه قطعه'),(190,41,'KF1272Pin-2Pin',6,7480,140000,'جوان الکترونیک','1404/10/21','دست یلدا از پروژه های قبلی','ENTRY (Refill)','2026-01-17 15:18:53','admin','5.0mm','THD','Straight','Connector','B1','','67041','CON000000001','10A','300V','','','','','نام قطعه: KF1272Pin -> KF1272Pin-2Pin | موجودی: 1000 -> 1006 | دلیل خرید/پروژه: تولید اس اس آر -> دست یلدا از پروژه های قبلی'),(192,41,'KF127-2Pin',-156,7480,140000,'جوان الکترونیک','1404/10/27','تولید اس اس آر','EXIT (Project)','2026-01-17 15:21:06','admin','5.0mm','THD','Straight','Connector','B1','','67041','CON000000001','10A','300V','','','','','موجودی: 1006 -> 850'),(193,31,'LED-R',0,509,140000,'جوان الکترونیک','۱۴۰۴/۱۰/۱۳','خرید جهت تولید اس اس آر های 40 آمپری','UPDATE (Edit)','2026-01-17 15:23:21','admin','قرمز','','DIP-3mm','ال ای دی (LED)','2J','','67041','LED000000001','','','','','','','قیمت (تومان): 542.0 -> 509.0'),(194,40,'LED-G',0,603,140000,'جوان الکترونیک','1404/10/24','تولید اس اس آر های 16 آمپر','UPDATE (Edit)','2026-01-17 15:23:41','admin','سبز','','DIP-3mm','ال ای دی (LED)','B1','','67784','LED000000002','','','','','','','قیمت (تومان): 635.0 -> 603.0'),(195,39,'0R',0,307,140000,'جوان الکترونیک','1404/10/24','جهت تولید اس اس آر دیمری','UPDATE (Edit)','2026-01-17 15:24:01','admin','1W','5%','DIP','Resistor','A2','Wire','67784','RES000000005','','','','','','','قیمت (تومان): 314.0 -> 307.0'),(196,42,'10nF',1000,1150,140000,'جوان الکترونیک','۱۴۰۴/۱۰/۲۷','تولید اس اس آر','ENTRY (New)','2026-01-17 15:37:05','admin','2kV','','Radial','Capacitor','1L','Ceramic Disc','67041','CAP000000001','چین','','','','','','ثبت اولیه قطعه'),(197,42,'10nF',49,1150,140000,'جوان الکترونیک','۱۴۰۴/۱۰/۲۷','از قبل دست یلدا بوده','ENTRY (Refill)','2026-01-17 15:39:27','admin','2kV','20','Radial','Capacitor','1L','Ceramic Disc','67041','CAP000000001','چین','','','','','','موجودی: 1000 -> 1049 | تولرانس: 20 | دلیل خرید/پروژه: تولید اس اس آر -> از قبل دست یلدا بوده'),(198,42,'10nF',-48,1150,140000,'جوان الکترونیک','1404/10/27','تولید اس اس آر 40 آمپری','EXIT (Project)','2026-01-17 15:40:04','admin','2kV','20','Radial','Capacitor','1L','Ceramic Disc','67041','CAP000000001','چین','','','','','','موجودی: 1049 -> 1001'),(199,43,'LTVMOC3063',650,14900,140000,'جوان الکترونیک','1404/10/21','تولید اس اس آر','ENTRY (New)','2026-01-17 15:45:09','admin','DIP','','DIP-6','IC','A3','Triac Driver','67041','_IC000000001','','','','','','','ثبت اولیه قطعه'),(200,43,'LTVMOC3063',44,14900,140000,'جوان الکترونیک','1404/10/21','دست یلدا از قبل','ENTRY (Refill)','2026-01-17 15:46:16','admin','DIP','','DIP-6','IC','A3','Triac Driver','67041','_IC000000001','','','','','','','موجودی: 650 -> 694 | دلیل خرید/پروژه: تولید اس اس آر -> دست یلدا از قبل'),(201,43,'LTVMOC3063',-48,14900,140000,'جوان الکترونیک','1404/10/27','تولید اس اس آر 40 آمپر','EXIT (Project)','2026-01-17 15:46:53','admin','DIP','','DIP-6','IC','A3','Triac Driver','67041','_IC000000001','','','','','','','موجودی: 694 -> 646'),(202,32,'BTA16-600B',500,17800,140000,'جوان الکترونیک','1404/10/21','تولید اس اس آر 16 آمپری','ENTRY (Refill)','2026-01-17 15:49:34','admin','600V','TRIAC','TO-220AB','ترایاک و تریستور','2L','HIGH COPY','67045','SCR000000002','','','','','','','موجودی: 0 -> 500 | نرخ دلار: 137000.0 -> 140000.0 | شماره فاکتور: 67045 | حد حداقل: 10 -> 100 | تاریخ خرید: ۱۴۰۴/۱۰/۱۴ -> 1404/10/21 | دلیل خرید/پروژه: مقدار دهی اولیه برای قیمت دهی SSR -> تولید اس اس آر 16 آمپری'),(203,44,'LM317LZ',1000,4720,140000,'جوان الکترونیک','1404/10/21','تولید اس اس آر','ENTRY (New)','2026-01-17 15:53:25','admin','DIP','','TO-92','IC','2L','Regulator','67045','_IC000000002','','','','','','','ثبت اولیه قطعه'),(204,44,'LM317LZ',49,4720,140000,'جوان الکترونیک','1404/10/21','از قبل دست یلدا بوده','ENTRY (Refill)','2026-01-17 15:55:10','admin','DIP','','TO-92','IC','2L','Regulator','67045','_IC000000002','','','','','','','موجودی: 1000 -> 1049 | دلیل خرید/پروژه: تولید اس اس آر -> از قبل دست یلدا بوده'),(205,44,'LM317LZ',-48,4720,140000,'جوان الکترونیک','1404/10/27','تولید اس اس آر 40 آمپری','EXIT (Project)','2026-01-17 15:55:29','admin','DIP','','TO-92','IC','2L','Regulator','67045','_IC000000002','','','','','','','موجودی: 1049 -> 1001'),(206,45,'سیم قلع',10,1802900,140000,'جوان الکترونیک','1404/10/24','تولید اس اس آر','ENTRY (New)','2026-01-17 16:05:37','admin','0.8mm','Asahi','250g','Solder(قلع)','B1','SN63PB37','67784','SOL000000001','','','','','','','ثبت اولیه قطعه'),(207,45,'سیم قلع',1,1802900,140000,'جوان الکترونیک','1404/10/24','از قبل دست یلدا بوده','ENTRY (Refill)','2026-01-17 16:05:57','admin','0.8mm','Asahi','250g','Solder(قلع)','B1','SN63PB37','67784','SOL000000001','','','','','','','موجودی: 10 -> 11 | دلیل خرید/پروژه: تولید اس اس آر -> از قبل دست یلدا بوده'),(208,45,'سیم قلع',0,1802900,140000,'جوان الکترونیک','1404/10/24','از قبل دست یلدا بوده','UPDATE (Edit)','2026-01-17 16:06:55','admin','0.8mm','Asahi-Copy','250g','Solder(قلع)','B1','SN63PB37','67784','SOL000000001','','','','','','','تولرانس: Asahi -> Asahi-Copy'),(209,45,'سیم قلع',-1,1802900,140000,'جوان الکترونیک','1404/10/27','تولید اس اس آر','EXIT (Project)','2026-01-17 16:07:26','admin','0.8mm','Asahi-Copy','250g','Solder(قلع)','B1','SN63PB37','67784','SOL000000001','','','','','','','موجودی: 11 -> 10'),(210,46,'DG65-2Pin',1000,13000,140000,'پایا الکترونیک','1404/10/24','تولید اس اس آر','ENTRY (New)','2026-01-17 16:28:34','admin','11mm','THD','Straight','Connector','A2','','21762','CON000000002','25A','300V','','','','','ثبت اولیه قطعه'),(211,46,'DG65-2Pin',-157,13000,140000,'پایا الکترونیک','1404/10/27','تولید اس اس آر 40 آمپری','EXIT (Project)','2026-01-17 16:28:57','admin','11mm','THD','Straight','Connector','A2','','21762','CON000000002','25A','300V','','','','','موجودی: 1000 -> 843'),(212,46,'DG65-2Pin',0,13000,140000,'پایا الکترونیک','1404/10/24','تولید اس اس آر - شماره قطعه در سایت پایا\"\"TER-2PIN DG65\"\"','UPDATE (Edit)','2026-01-17 16:31:39','admin','11mm','THD','Straight','Connector','A2','','21762','CON000000002','25A','300V','','','','','دلیل خرید/پروژه: تولید اس اس آر -> تولید اس اس آر - شماره قطعه در سایت پایا\"\"TER-2PIN DG65\"\"'),(213,47,'برد SSR ورژن 4-PCB',500,35938,105000,'آلفا مدار صنعت','1404/04/24','تولید اس اس آر','ENTRY (New)','2026-01-17 17:16:43','admin','','2Layer','سبز','PCB','1L','ندارد','1098621','PCB000000001','انجام شده','','','','','','ثبت اولیه قطعه'),(214,47,'برد SSR ورژن 4-PCB',-156,35938,105000,'آلفا مدار صنعت','1404/10/27','تولید SSR','EXIT (Project)','2026-01-17 17:17:36','admin','','2Layer','سبز','PCB','1L','ندارد','1098621','PCB000000001','انجام شده','','','','','','موجودی: 500 -> 344'),(215,33,'BTA16-600BRG',0,72800,137000,'جوان الکترونیک','۱۴۰۴/۱۰/۱۴','قیمت دهی پروژه SSR','UPDATE (Edit)','2026-01-17 17:22:22','admin','600V','TRIAC','TO-220AB','ترایاک و تریستور','2L','ORGINAL','','SCR000000003','','','','','','','حد حداقل: 10 -> 1'),(216,48,'IRF9540NPBF',2,27500,140000,'جوان الکترونیک','1404/10/24','ساخت نمونه سوئیچ برای تایمر به جای SSR','ENTRY (New)','2026-01-17 19:20:44','admin','Power','','TO-220AB','Transistor','1L','P-MOSFET','67784','__T000000001','','','','','','','ثبت اولیه قطعه'),(217,49,'0.33R',2,4220,140000,'جوان الکترونیک','1404/10/24','تولید نمونه برای سوئیچ تایمر','ENTRY (New)','2026-01-17 19:23:58','admin','3W','1%','SMD-2512','Resistor','B1','Carbon Film','67784','RES000000006','','','','','','','ثبت اولیه قطعه'),(218,49,'0.33R',-2,4220,140000,'جوان الکترونیک','1404/10/27','روی میزم جهت بررسی','EXIT (Project)','2026-01-17 19:26:57','admin','3W','1%','SMD-2512','Resistor','B1','Carbon Film','67784','RES000000006','','','','','','','موجودی: 2 -> 0'),(219,48,'IRF9540NPBF',-2,27500,140000,'جوان الکترونیک','1404/10/27','روی میزم جهت بررسی','EXIT (Project)','2026-01-17 19:26:57','admin','Power','','TO-220AB','Transistor','1L','P-MOSFET','67784','__T000000001','','','','','','','موجودی: 2 -> 0'),(220,50,'ATMEGA16A-AU',0,200000,143000,'جوان الکترونیک','۱۴۰۴/۱۰/۲۷','ایجاد اولیه جهت قیمت  دهی تایمر','ENTRY (New)','2026-01-17 19:35:05','admin','SMD','','TQFP-44','IC','B1','Microcontroller','','_IC000000003','','','','','','','ثبت اولیه قطعه'),(221,51,'100k',0,189,140000,'جوان الکترونیک','۱۴۰۴/۱۰/۲۷','قیمت دهی مین تایمر','ENTRY (New)','2026-01-17 19:57:49','admin','1/8W','1%','SMD-0805','Resistor','A2','Carbon Film','','RES000000007','','','','','','','ثبت اولیه قطعه'),(222,52,'4.7k',0,143,140000,'جوان الکترونیک','۱۴۰۴/۱۰/۲۷','ثبت جهت قیمت گیری برد مین تایمر','ENTRY (New)','2026-01-17 20:00:22','admin','1/8W','5%','SMD-0805','Resistor','A2','Carbon Film','','RES000000008','','','','','','','ثبت اولیه قطعه'),(223,53,'15pF',0,384,140000,'جوان الکترونیک','۱۴۰۴/۱۰/۲۷','قیمت دهی برد مین تایمر','ENTRY (New)','2026-01-17 20:04:44','admin','50V','5','SMD-0805','Capacitor','B1','Ceramic (MLCC) X7R','','CAP000000002','چین','','','','','','ثبت اولیه قطعه'),(224,54,'100nF',0,337,140000,'جوان الکترونیک','۱۴۰۴/۱۰/۲۷','قیمت دهی برد مین تایمر','ENTRY (New)','2026-01-17 20:07:23','admin','50V','10','SMD-0805','Capacitor','A2','Ceramic (MLCC) X7R','','CAP000000003','چین','','','','','','ثبت اولیه قطعه'),(225,55,'10uF',0,839,140000,'جوان الکترونیک','۱۴۰۴/۱۰/۲۷','قیمت دهی برد مین تایمر','ENTRY (New)','2026-01-17 20:11:19','admin','16V','10','SMD-0805','Capacitor','A2','Ceramic (MLCC) X5R','','CAP000000004','چین','','','','','','ثبت اولیه قطعه'),(226,56,'LED-B',0,223,140000,'جوان الکترونیک','۱۴۰۴/۱۰/۲۷','قیمت دهی برد مین تایمر','ENTRY (New)','2026-01-17 20:16:57','admin','آبی','','SMD-0805','ال ای دی (LED)','B1','','','LED000000003','','','','','','','ثبت اولیه قطعه'),(227,57,'LED-G',0,247,140000,'جوان الکترونیک','۱۴۰۴/۱۰/۲۷','قیمت دهی برد مین تایمر','ENTRY (New)','2026-01-17 20:18:43','admin','سبز','','SMD-0805','ال ای دی (LED)','A1','','','LED000000004','','','','','','','ثبت اولیه قطعه'),(228,58,'LED-Y',0,288,140000,'جوان الکترونیک','۱۴۰۴/۱۰/۲۷','قیمت دهی برد مین تایمر','ENTRY (New)','2026-01-17 20:20:00','admin','زرد','','SMD-0805','ال ای دی (LED)','A2','','','LED000000005','','','','','','','ثبت اولیه قطعه'),(229,59,'MMBT2222A',0,710,140000,'ECA','۱۴۰۴/۱۰/۲۷','قیمت دهی مین تایمر','ENTRY (New)','2026-01-17 20:24:21','admin','Small Signal','','SOT-23','Transistor','2L','BJT (NPN)','','__T000000002','','','','','','','ثبت اولیه قطعه'),(230,60,'10k',0,130,140000,'ECA','۱۴۰۴/۱۰/۲۷','قیمت دهی برد مین تایمر','ENTRY (New)','2026-01-17 20:28:05','admin','1/8W','5%','SMD-0805','Resistor','2L','Carbon Film','','RES000000009','','','','','','','ثبت اولیه قطعه'),(231,61,'22k',0,130,140000,'ECA','۱۴۰۴/۱۰/۲۷','قیمت دهی مین تایمر','ENTRY (New)','2026-01-17 20:30:45','admin','1/8W','5%','SMD-0805','Resistor','B1','Carbon Film','','RES000000010','','','','','','','ثبت اولیه قطعه'),(232,62,'برد Main Timer ورژن 1.08-PCB',0,100000,140000,'آلفا مدار صنعت','۱۴۰۴/۱۰/۲۷','قیمت دهی برد مین تایمر','ENTRY (New)','2026-01-17 20:56:10','admin','','2Layer','سبز','برد (PCB)','B1','سفید','','PCB000000002','انجام شده','','','','','','ثبت اولیه قطعه');
/*!40000 ALTER TABLE `purchase_log` ENABLE KEYS */;
UNLOCK TABLES;

--
-- Table structure for table `users`
--

DROP TABLE IF EXISTS `users`;
/*!40101 SET @saved_cs_client     = @@character_set_client */;
/*!50503 SET character_set_client = utf8mb4 */;
CREATE TABLE `users` (
  `id` int NOT NULL AUTO_INCREMENT,
  `username` longtext NOT NULL,
  `password` longtext NOT NULL,
  `role` longtext,
  `created_at` longtext,
  `full_name` longtext,
  `mobile` longtext,
  `permissions` longtext,
  `job_title` longtext,
  PRIMARY KEY (`id`)
) ENGINE=InnoDB AUTO_INCREMENT=7 DEFAULT CHARSET=utf8mb4 COLLATE=utf8mb4_0900_ai_ci;
/*!40101 SET character_set_client = @saved_cs_client */;

--
-- Dumping data for table `users`
--

LOCK TABLES `users` WRITE;
/*!40000 ALTER TABLE `users` DISABLE KEYS */;
INSERT INTO `users` VALUES (1,'admin','8c6976e5b5410415bde908bd4dee15dfb167a9c873fc4bb8a81f6f2ab448a918','admin','2025-12-06 20:27:42','حامد سرگلی','09126368924','{\"entry\": true, \"withdraw\": true, \"inventory\": true, \"contacts\": true, \"log\": true, \"users\": true, \"management\": true, \"backup\": true, \"server\": true, \"projects\": true}',NULL),(5,'test','a665a45920422f9d417e4867efdc4fb8a04a1f3fff1fa07e998e86f7f7a27ae3','operator','2025-12-16 19:54:20','ضضضقق','091211222212','{\"entry\": true, \"withdraw\": true, \"inventory\": true, \"contacts\": false, \"log\": false, \"users\": false, \"management\": false, \"backup\": false}',NULL),(6,'t','6b86b273ff34fce19d6b804eff5a3f5747ada4eaa22f1d49c01e52ddb7875b4b','operator','2025-12-17 10:49:13','','','{\"entry\": true}',NULL);
/*!40000 ALTER TABLE `users` ENABLE KEYS */;
UNLOCK TABLES;
/*!40103 SET TIME_ZONE=@OLD_TIME_ZONE */;

/*!40101 SET SQL_MODE=@OLD_SQL_MODE */;
/*!40014 SET FOREIGN_KEY_CHECKS=@OLD_FOREIGN_KEY_CHECKS */;
/*!40014 SET UNIQUE_CHECKS=@OLD_UNIQUE_CHECKS */;
/*!40101 SET CHARACTER_SET_CLIENT=@OLD_CHARACTER_SET_CLIENT */;
/*!40101 SET CHARACTER_SET_RESULTS=@OLD_CHARACTER_SET_RESULTS */;
/*!40101 SET COLLATION_CONNECTION=@OLD_COLLATION_CONNECTION */;
/*!40111 SET SQL_NOTES=@OLD_SQL_NOTES */;

-- Dump completed on 2026-01-17 20:57:04
